route_id,vehicle_type,hour_of_day,day_of_week,distance_km,actual_travel_time_minutes
1,bus,0,saturday,2.42,7.05
1,bus,21,saturday,7.17,26.7
1,e-jeep,0,monday,1.98,4.75
3,jeepney,6,saturday,5.3,15.25
2,jeepney,18,wednesday,6.53,42.97
3,jeepney,13,wednesday,2.44,8.52
1,e-jeep,2,thursday,1.04,2.36
2,bus,1,saturday,3.84,11.37
1,e-jeep,17,wednesday,6.69,35.81
3,e-jeep,6,saturday,0.84,2.14
1,e-jeep,7,sunday,1.08,5.31
2,bus,5,wednesday,3.04,9.47
3,bus,20,monday,4.99,21.07
1,bus,5,thursday,3.22,9.56
3,bus,17,tuesday,5.57,38.4
1,jeepney,1,sunday,2.73,6.57
3,jeepney,22,wednesday,1.94,5.17
2,bus,4,wednesday,1.38,4.25
2,bus,23,friday,3.6,11.37
1,e-jeep,4,friday,4.1,9.45
1,jeepney,20,tuesday,6.4,21.6
2,jeepney,12,friday,7.97,26.44
1,bus,21,saturday,1.18,3.87
3,e-jeep,10,monday,2.56,8.12
3,jeepney,23,wednesday,7.78,19.91
1,bus,20,wednesday,6.78,27.09
1,jeepney,11,sunday,1.54,4.16
1,bus,19,wednesday,4.06,31.48
2,e-jeep,7,monday,2.15,11.6
1,jeepney,23,thursday,6.58,16.3
1,bus,4,saturday,3.96,10.93
3,e-jeep,19,thursday,7.73,39.46
3,bus,6,saturday,2.7,8.7
2,bus,14,friday,3.78,15.76
2,jeepney,0,friday,4.57,12.02
1,jeepney,22,saturday,0.75,1.87
2,jeepney,2,friday,2.13,5.53
3,jeepney,4,saturday,7.5,17.2
1,e-jeep,15,sunday,3.43,9.57
2,bus,11,thursday,3.47,13.12
3,jeepney,20,saturday,1.06,3.12
1,e-jeep,7,tuesday,1.76,9.68
1,e-jeep,8,thursday,2.22,11.34
3,e-jeep,3,monday,5.32,12.69
1,jeepney,7,tuesday,3.43,20.85
1,e-jeep,5,thursday,0.32,0.78
2,e-jeep,13,saturday,7.67,18.54
3,bus,22,thursday,1.49,4.93
3,jeepney,23,friday,0.77,2.12
3,jeepney,15,friday,7.38,24.48
3,jeepney,2,sunday,1.73,3.95
1,bus,12,monday,7.55,29.87
3,bus,1,friday,0.93,2.9
3,bus,10,wednesday,1.87,7.23
2,jeepney,12,tuesday,5.47,18.84
1,e-jeep,0,thursday,5.08,12.07
1,jeepney,17,tuesday,4.2,27.04
1,e-jeep,7,wednesday,2.49,13.72
3,bus,9,friday,7.88,54.63
1,bus,21,sunday,4.57,14.87
1,jeepney,8,monday,7.15,41.72
2,jeepney,9,friday,1.92,11.94
3,bus,8,friday,4.06,27.73
1,jeepney,20,thursday,6.69,24.05
1,e-jeep,20,wednesday,1.54,4.66
2,bus,17,monday,1.16,7.88
1,bus,17,monday,6.73,48.31
2,jeepney,4,monday,2.67,6.69
2,jeepney,6,saturday,2.22,6.87
2,bus,19,saturday,1.49,8.82
1,jeepney,13,monday,1.68,5.24
3,e-jeep,23,sunday,2.21,4.88
1,bus,12,sunday,0.6,2.1
2,jeepney,11,wednesday,6.62,20.83
1,jeepney,21,tuesday,3.37,11.65
2,jeepney,11,saturday,4.22,11.89
2,bus,0,monday,7.05,23.46
2,bus,1,monday,4.89,16.04
2,e-jeep,19,friday,1.19,6.1
2,jeepney,1,saturday,3.66,8.46
3,bus,23,saturday,5.98,17.49
1,e-jeep,21,wednesday,5.1,14.91
3,jeepney,9,friday,2.68,16.48
3,e-jeep,9,friday,1.28,7.07
3,e-jeep,23,tuesday,5.04,12.49
1,bus,9,wednesday,1.92,13.35
3,bus,10,thursday,3.7,14.4
2,bus,23,tuesday,5.37,17.8
3,bus,19,wednesday,1.02,6.92
3,jeepney,9,tuesday,6.51,41.81
1,jeepney,15,friday,6.84,24.47
3,e-jeep,18,tuesday,5.83,32.4
1,e-jeep,4,saturday,5.59,10.98
2,jeepney,7,tuesday,6.49,38.14
1,e-jeep,17,tuesday,7.36,42.73
2,jeepney,21,friday,7.91,25.97
3,e-jeep,23,friday,3.59,8.09
1,e-jeep,23,sunday,3.95,8.57
3,jeepney,8,sunday,6.29,33.23
2,jeepney,14,monday,5.79,20.16
2,e-jeep,17,monday,1.37,7.81
1,bus,22,tuesday,0.79,2.57
2,bus,13,monday,1.89,7.66
3,bus,0,sunday,7.08,19.47
1,e-jeep,11,wednesday,6.1,17.32
3,e-jeep,23,saturday,4.51,9.26
2,jeepney,7,wednesday,3.66,23.99
3,e-jeep,21,sunday,3.41,9.4
1,e-jeep,19,friday,0.51,2.83
3,bus,0,monday,5.25,17.84
1,e-jeep,1,wednesday,3.22,8.1
2,e-jeep,12,wednesday,6.09,17.35
1,e-jeep,15,monday,6.07,19.62
1,e-jeep,20,monday,6.32,18.51
1,jeepney,6,sunday,0.46,1.41
2,jeepney,21,monday,4.64,16.2
2,bus,11,tuesday,4.97,18.51
1,bus,5,wednesday,1.13,3.91
3,e-jeep,21,thursday,3.35,9.72
3,jeepney,22,sunday,5.13,12.7
3,e-jeep,19,sunday,1.23,5.41
2,jeepney,17,thursday,5.39,35.09
2,bus,0,sunday,3.53,9.84
2,e-jeep,20,sunday,3.84,10.61
3,jeepney,16,saturday,2.38,11.95
2,bus,14,thursday,6.66,26.25
1,e-jeep,2,wednesday,7.09,17.74
3,e-jeep,19,saturday,3.22,16.52
1,e-jeep,15,tuesday,3.03,9.46
3,e-jeep,22,wednesday,4.58,10.96
1,jeepney,7,saturday,3.43,17.92
3,jeepney,15,saturday,5.78,16.89
1,jeepney,9,tuesday,3.41,21.55
3,bus,11,thursday,4.56,18.71
3,bus,10,wednesday,5.71,23.71
1,e-jeep,3,saturday,1.78,3.96
3,bus,5,tuesday,1.97,6.32
3,bus,16,friday,2.48,19.27
2,jeepney,7,wednesday,1.68,11.04
1,bus,8,monday,7.8,56.25
1,bus,20,sunday,6.1,22.66
3,jeepney,9,thursday,3.99,24.81
2,jeepney,15,monday,6.63,22.46
3,jeepney,20,saturday,0.71,2.18
2,bus,2,tuesday,1.21,3.71
3,bus,19,tuesday,6.27,46.49
2,e-jeep,18,thursday,2.65,14.18
3,bus,3,sunday,1.9,5.54
1,bus,5,tuesday,1.64,5.63
2,jeepney,14,saturday,4.87,14.6
2,jeepney,22,wednesday,5.71,15.34
1,bus,8,sunday,6.39,39.84
2,jeepney,3,friday,2.03,5.74
1,e-jeep,2,monday,1.58,3.91
3,bus,9,thursday,1.26,8.9
2,bus,8,friday,4.46,32.76
1,bus,13,saturday,2.78,10.07
1,jeepney,21,sunday,6.93,19.81
3,jeepney,8,friday,0.61,3.55
3,e-jeep,20,thursday,7.35,23.23
2,bus,20,sunday,4.09,15.22
2,e-jeep,10,wednesday,5.46,15.49
2,e-jeep,22,thursday,2.52,5.65
1,bus,14,monday,2.72,11.2
3,e-jeep,0,saturday,6.99,14.68
1,jeepney,16,wednesday,5.09,30.86
1,e-jeep,6,wednesday,4.53,12.72
3,e-jeep,15,monday,0.52,1.53
3,jeepney,5,wednesday,4.54,12.01
1,jeepney,3,thursday,7.59,19.77
2,jeepney,22,wednesday,4.22,11.68
2,e-jeep,7,thursday,4.54,25.23
3,bus,23,tuesday,6.95,23.07
2,e-jeep,16,wednesday,6.62,37.41
3,e-jeep,18,saturday,4.07,20.45
2,bus,11,wednesday,4.55,18.07
2,e-jeep,6,saturday,2.14,5.69
1,e-jeep,10,saturday,3.94,9.64
2,e-jeep,21,sunday,6.62,16.04
1,e-jeep,4,friday,7.73,19.06
2,jeepney,3,friday,7.31,21.13
2,jeepney,20,tuesday,0.88,2.81
2,e-jeep,19,saturday,3.36,17.08
3,e-jeep,17,thursday,7.65,40.9
3,e-jeep,1,friday,0.83,1.95
1,e-jeep,23,monday,3.64,9.34
3,bus,3,thursday,1.58,5.22
1,jeepney,10,sunday,0.73,2.16
1,e-jeep,7,friday,3.47,18.39
1,jeepney,5,monday,4.99,13.56
1,bus,15,friday,1.4,5.64
2,e-jeep,8,saturday,0.37,1.67
3,e-jeep,17,tuesday,0.87,4.43
2,bus,20,thursday,5.62,22.64
1,e-jeep,12,sunday,4.02,10.95
2,bus,18,wednesday,7.94,59.7
2,bus,8,monday,4.66,32.91
1,bus,19,saturday,4.12,24.47
1,e-jeep,19,sunday,3.01,13.97
2,bus,21,sunday,5.85,19.84
3,jeepney,3,saturday,5.28,12.63
1,e-jeep,18,wednesday,5.94,34.67
2,e-jeep,23,thursday,1.65,4.21
2,bus,16,friday,7.33,50.63
2,e-jeep,9,saturday,7.0,31.66
1,e-jeep,4,sunday,7.74,15.27
3,bus,12,sunday,6.5,23.1
1,e-jeep,8,friday,1.25,6.96
3,bus,8,friday,3.23,22.98
1,e-jeep,21,tuesday,3.93,11.57
2,bus,19,tuesday,5.29,37.66
3,e-jeep,9,saturday,3.44,17.31
2,jeepney,15,monday,1.05,3.3
2,jeepney,14,wednesday,5.46,17.52
2,bus,18,saturday,5.89,35.09
1,bus,15,friday,3.44,12.83
3,jeepney,11,tuesday,3.71,11.54
1,e-jeep,21,wednesday,4.49,12.51
1,e-jeep,12,wednesday,1.76,5.62
1,e-jeep,21,tuesday,5.24,15.48
1,jeepney,10,tuesday,7.91,25.21
1,jeepney,17,tuesday,4.82,27.82
2,jeepney,4,sunday,7.23,18.21
1,jeepney,17,wednesday,6.45,41.69
1,jeepney,0,wednesday,6.38,17.76
1,e-jeep,5,wednesday,0.7,1.62
1,bus,23,monday,3.97,12.16
3,bus,3,thursday,4.18,12.49
3,jeepney,21,friday,2.62,8.54
1,jeepney,15,sunday,3.39,9.54
3,e-jeep,14,monday,7.22,22.29
1,jeepney,4,wednesday,5.11,13.44
2,bus,12,friday,4.39,17.69
2,bus,3,sunday,5.7,15.01
3,bus,23,sunday,1.96,5.5
2,jeepney,10,sunday,3.79,11.14
2,jeepney,13,wednesday,5.42,18.44
3,jeepney,15,monday,1.0,3.57
1,e-jeep,23,saturday,3.17,7.03
3,jeepney,17,friday,2.84,18.32
3,e-jeep,13,sunday,7.35,20.66
3,e-jeep,9,wednesday,1.1,5.99
3,jeepney,15,tuesday,6.82,23.29
2,bus,3,sunday,2.44,7.1
3,e-jeep,19,friday,5.5,29.73
3,bus,22,wednesday,0.52,1.73
2,e-jeep,11,monday,1.7,5.41
2,bus,2,tuesday,6.01,17.88
3,jeepney,16,tuesday,3.2,19.54
2,jeepney,9,saturday,2.8,13.78
1,bus,1,tuesday,1.51,4.74
1,bus,8,thursday,5.4,39.36
2,e-jeep,8,tuesday,6.11,35.52
1,e-jeep,9,saturday,5.52,26.24
2,bus,1,tuesday,3.34,10.52
1,jeepney,9,tuesday,6.21,36.11
2,e-jeep,3,monday,4.13,10.02
2,jeepney,17,saturday,2.07,10.81
2,bus,2,thursday,6.94,23.96
2,jeepney,2,sunday,2.71,6.36
3,e-jeep,20,thursday,2.53,7.71
1,e-jeep,19,thursday,6.71,34.3
2,jeepney,3,tuesday,3.65,9.89
2,jeepney,9,saturday,2.91,15.76
1,jeepney,16,saturday,1.18,6.21
2,e-jeep,23,sunday,5.27,11.66
1,jeepney,8,tuesday,1.64,10.52
1,bus,5,sunday,5.14,14.39
3,bus,14,saturday,7.42,25.55
3,bus,10,sunday,7.78,27.88
1,e-jeep,15,thursday,5.16,14.78
1,bus,11,friday,0.87,3.5
1,jeepney,11,sunday,2.51,7.11
3,jeepney,19,friday,3.26,19.51
1,bus,14,sunday,4.7,17.21
2,bus,16,tuesday,7.67,56.23
3,e-jeep,2,friday,5.28,13.68
2,bus,14,friday,4.33,18.32
2,e-jeep,12,thursday,6.26,18.26
3,jeepney,20,wednesday,0.81,2.89
2,bus,9,wednesday,5.87,41.65
1,bus,10,monday,4.79,20.33
2,e-jeep,20,saturday,5.4,14.98
1,bus,9,friday,3.2,22.24
3,jeepney,22,sunday,7.59,16.3
1,bus,20,saturday,3.56,12.66
2,e-jeep,5,tuesday,2.93,6.74
1,jeepney,4,tuesday,0.89,2.25
3,jeepney,17,sunday,5.99,31.43
2,bus,19,tuesday,4.9,37.72
3,jeepney,19,sunday,7.25,36.9
2,jeepney,11,saturday,5.84,15.74
2,bus,23,sunday,3.76,10.41
2,e-jeep,6,wednesday,5.52,16.38
2,e-jeep,9,sunday,3.24,15.3
1,jeepney,19,tuesday,7.02,45.83
2,e-jeep,17,monday,5.78,31.45
2,jeepney,2,sunday,1.53,3.58
1,bus,13,monday,7.59,31.77
2,e-jeep,0,thursday,0.71,1.7
2,jeepney,2,wednesday,2.03,5.58
3,jeepney,20,wednesday,6.39,22.61
2,e-jeep,22,sunday,1.37,2.77
3,e-jeep,0,monday,0.45,1.13
3,jeepney,23,friday,4.36,12.4
1,e-jeep,9,monday,0.67,3.7
2,bus,2,monday,6.74,21.57
1,bus,20,friday,4.73,18.28
2,e-jeep,0,friday,3.02,7.17
3,jeepney,21,monday,4.33,14.76
3,bus,16,sunday,7.91,49.59
2,e-jeep,1,saturday,3.28,6.99
1,bus,11,sunday,0.82,2.98
3,bus,3,sunday,4.78,12.78
1,jeepney,11,friday,2.91,9.48
2,bus,22,thursday,5.16,15.73
3,jeepney,14,monday,2.56,9.21
1,jeepney,10,wednesday,4.27,13.2
2,bus,8,monday,6.1,46.67
1,e-jeep,20,wednesday,2.4,6.87
2,e-jeep,23,thursday,7.19,17.57
2,jeepney,22,thursday,3.13,7.97
1,e-jeep,23,thursday,0.91,2.15
3,jeepney,9,wednesday,1.09,6.79
2,e-jeep,14,friday,5.83,18.48
2,e-jeep,14,monday,5.9,16.61
2,bus,8,saturday,7.85,46.32
3,jeepney,20,thursday,3.1,9.86
1,bus,0,tuesday,6.83,21.25
1,e-jeep,4,monday,2.12,4.97
2,e-jeep,18,monday,4.96,26.3
2,e-jeep,14,sunday,0.89,2.46
2,e-jeep,10,saturday,2.45,5.95
3,jeepney,5,thursday,4.29,10.73
2,jeepney,8,saturday,3.74,18.26
3,e-jeep,15,tuesday,1.24,3.52
1,e-jeep,22,thursday,7.98,18.25
3,e-jeep,11,saturday,0.8,2.07
1,e-jeep,22,saturday,7.44,15.19
3,e-jeep,7,monday,7.89,41.12
2,jeepney,0,wednesday,4.57,12.45
1,bus,19,monday,0.81,5.99
3,bus,15,friday,3.46,14.04
1,bus,4,wednesday,5.25,16.94
3,bus,11,tuesday,7.06,27.03
3,bus,5,sunday,7.74,21.77
1,jeepney,16,tuesday,2.64,16.91
1,bus,11,friday,7.19,27.25
1,e-jeep,20,friday,2.41,7.09
3,bus,2,friday,5.24,16.53
1,bus,5,saturday,5.11,13.36
3,e-jeep,1,sunday,6.95,15.55
3,bus,8,saturday,1.92,12.0
3,bus,0,thursday,7.15,22.71
2,bus,15,tuesday,6.5,25.25
2,e-jeep,2,saturday,0.76,1.6
2,e-jeep,6,wednesday,4.97,15.37
2,bus,23,sunday,2.96,8.37
3,e-jeep,17,monday,2.76,15.14
2,e-jeep,7,tuesday,1.05,5.93
3,e-jeep,13,tuesday,7.71,21.73
3,e-jeep,23,wednesday,1.76,4.47
2,bus,15,wednesday,4.13,17.68
3,e-jeep,14,tuesday,1.96,6.02
2,jeepney,15,friday,7.09,23.06
2,e-jeep,17,monday,6.82,37.62
3,e-jeep,11,sunday,3.41,9.59
3,jeepney,17,tuesday,3.09,19.38
3,e-jeep,14,sunday,4.53,11.23
3,bus,19,monday,1.29,10.03
2,e-jeep,17,wednesday,6.11,35.01
2,bus,16,monday,0.65,5.02
2,e-jeep,16,thursday,1.45,7.44
2,jeepney,19,wednesday,1.55,8.71
2,bus,18,wednesday,4.21,30.57
3,e-jeep,18,wednesday,3.96,23.41
3,e-jeep,3,thursday,4.79,10.97
3,bus,20,monday,4.9,20.36
3,bus,18,tuesday,5.85,41.98
3,jeepney,20,saturday,5.07,13.93
3,jeepney,7,monday,4.71,27.66
1,jeepney,14,wednesday,3.52,11.9
2,jeepney,16,sunday,5.01,26.52
3,bus,1,saturday,1.36,3.97
3,e-jeep,15,friday,3.2,8.95
3,e-jeep,10,friday,3.03,8.71
3,bus,20,sunday,5.64,19.28
1,jeepney,8,friday,2.6,14.72
2,e-jeep,22,tuesday,5.61,13.49
2,e-jeep,17,sunday,5.86,28.77
3,bus,17,thursday,7.2,53.26
1,e-jeep,9,monday,2.51,13.24
2,e-jeep,20,wednesday,6.05,19.02
2,bus,17,saturday,2.39,16.12
3,bus,7,tuesday,0.69,4.71
3,jeepney,7,monday,1.07,6.67
1,e-jeep,21,sunday,1.36,3.3
2,jeepney,20,thursday,3.98,13.94
2,e-jeep,9,saturday,0.76,3.46
3,bus,7,friday,5.99,41.25
1,jeepney,13,sunday,1.65,4.48
2,e-jeep,5,saturday,7.71,15.06
1,jeepney,9,friday,4.94,28.02
2,e-jeep,14,saturday,4.48,11.7
3,jeepney,14,wednesday,1.78,6.33
3,jeepney,14,saturday,2.28,6.96
2,bus,9,friday,5.49,41.99
3,bus,12,sunday,3.59,12.84
3,e-jeep,3,tuesday,7.86,18.93
1,jeepney,8,thursday,2.11,12.29
2,e-jeep,18,saturday,4.71,23.23
3,e-jeep,7,monday,5.44,29.84
2,jeepney,21,friday,7.41,23.26
3,e-jeep,3,saturday,7.35,15.86
1,bus,7,tuesday,3.98,29.16
2,bus,13,saturday,4.53,15.83
3,bus,6,sunday,2.21,7.39
3,jeepney,14,friday,5.72,20.45
1,bus,1,sunday,4.52,12.57
3,bus,4,tuesday,2.83,9.03
3,jeepney,6,saturday,4.79,14.86
2,bus,1,thursday,1.32,4.28
1,bus,17,thursday,5.48,41.12
2,jeepney,8,sunday,0.32,1.77
1,jeepney,13,wednesday,5.69,18.84
1,jeepney,15,monday,2.51,8.82
3,jeepney,23,saturday,7.72,18.27
2,e-jeep,12,thursday,0.92,2.57
1,bus,20,sunday,2.98,10.93
2,bus,16,tuesday,5.9,44.9
1,jeepney,9,thursday,5.49,33.04
2,bus,7,tuesday,3.85,29.64
3,jeepney,3,monday,6.53,17.64
1,jeepney,6,monday,1.08,3.89
3,bus,22,sunday,0.67,1.8
2,e-jeep,7,friday,1.97,10.15
1,jeepney,16,wednesday,2.1,11.93
2,bus,18,friday,6.25,43.25
2,jeepney,4,saturday,4.31,10.13
1,e-jeep,17,friday,7.07,36.18
3,bus,13,friday,4.12,15.32
3,bus,12,sunday,4.34,14.64
1,e-jeep,9,thursday,1.72,9.33
1,jeepney,9,sunday,5.75,28.89
3,jeepney,13,thursday,4.59,16.25
2,jeepney,6,wednesday,5.28,16.49
1,e-jeep,17,saturday,6.69,34.18
3,e-jeep,19,friday,0.6,3.51
3,bus,21,friday,1.97,8.26
2,e-jeep,0,tuesday,7.52,16.81
3,jeepney,15,tuesday,5.66,18.27
1,e-jeep,17,wednesday,6.27,34.87
3,bus,11,wednesday,2.31,9.22
2,e-jeep,3,sunday,7.86,16.48
1,e-jeep,11,wednesday,3.49,10.37
3,jeepney,4,monday,2.31,5.76
3,bus,13,wednesday,1.47,6.04
3,e-jeep,7,thursday,4.54,23.12
2,e-jeep,15,saturday,5.24,13.69
3,jeepney,11,tuesday,1.38,4.57
3,jeepney,20,monday,4.33,13.69
3,jeepney,1,sunday,0.35,0.86
1,bus,2,saturday,1.46,4.25
2,e-jeep,1,friday,5.21,11.69
3,e-jeep,15,monday,0.35,1.04
1,jeepney,16,saturday,2.42,11.85
3,jeepney,22,saturday,3.62,7.84
1,jeepney,3,friday,1.45,4.07
2,bus,11,wednesday,6.42,27.53
2,e-jeep,18,tuesday,7.92,45.18
1,bus,20,sunday,5.3,19.93
2,e-jeep,12,friday,3.97,11.65
1,bus,2,thursday,6.81,21.3
3,e-jeep,3,friday,7.38,18.51
3,bus,15,wednesday,0.66,2.83
3,e-jeep,18,saturday,0.55,2.44
1,e-jeep,6,friday,1.41,4.02
1,e-jeep,9,tuesday,4.64,25.04
3,e-jeep,17,wednesday,3.26,17.12
3,bus,2,friday,6.04,19.82
2,jeepney,7,sunday,0.89,4.61
3,bus,12,sunday,2.81,9.57
2,e-jeep,7,wednesday,4.56,25.38
3,jeepney,18,saturday,3.23,16.31
1,e-jeep,22,monday,0.93,2.36
3,bus,4,saturday,3.3,9.39
1,jeepney,9,thursday,3.07,19.32
1,jeepney,5,thursday,3.76,9.94
1,e-jeep,0,monday,3.03,7.78
2,bus,12,monday,2.55,10.39
3,jeepney,17,tuesday,4.7,30.07
1,e-jeep,4,wednesday,2.62,6.29
1,jeepney,13,wednesday,3.54,11.83
2,jeepney,8,tuesday,5.85,35.48
1,bus,14,monday,1.34,5.82
2,e-jeep,19,thursday,6.49,36.39
2,e-jeep,20,friday,1.35,4.17
1,bus,15,wednesday,1.67,6.79
2,e-jeep,23,saturday,5.17,10.04
2,jeepney,12,wednesday,6.59,22.35
3,jeepney,6,friday,7.98,28.04
1,bus,23,thursday,7.56,25.37
3,e-jeep,2,sunday,6.83,13.61
2,bus,4,saturday,2.63,7.62
3,jeepney,13,sunday,3.2,9.35
2,bus,18,thursday,4.41,30.04
2,bus,17,monday,6.39,47.54
3,bus,20,monday,1.14,4.75
2,bus,5,saturday,5.02,13.83
3,bus,20,thursday,7.74,31.82
1,e-jeep,0,monday,2.29,5.49
3,bus,18,saturday,4.73,30.17
2,e-jeep,21,friday,5.62,17.86
2,jeepney,3,wednesday,3.5,8.69
3,jeepney,4,wednesday,2.7,7.25
3,jeepney,15,wednesday,3.97,13.37
2,bus,10,monday,2.61,9.95
1,jeepney,10,saturday,1.14,3.15
1,bus,16,tuesday,4.55,34.01
2,e-jeep,7,sunday,3.42,17.08
3,bus,13,thursday,0.52,2.04
2,jeepney,18,thursday,3.29,19.31
2,jeepney,22,sunday,6.43,14.73
1,bus,11,wednesday,1.82,7.76
2,bus,16,saturday,2.71,17.45
3,e-jeep,3,wednesday,3.01,7.27
3,jeepney,22,sunday,2.59,5.9
3,jeepney,4,wednesday,1.21,3.33
2,jeepney,22,tuesday,4.23,11.43
3,jeepney,12,thursday,1.73,5.64
3,bus,5,friday,1.58,5.23
2,jeepney,14,friday,0.71,2.42
2,jeepney,4,tuesday,6.58,16.33
3,bus,15,thursday,5.57,22.58
2,e-jeep,5,monday,4.65,10.66
2,jeepney,1,wednesday,2.03,5.6
3,e-jeep,23,sunday,6.2,12.84
3,jeepney,3,wednesday,6.27,15.9
3,e-jeep,1,sunday,5.84,12.1
1,e-jeep,23,sunday,5.33,11.59
2,jeepney,8,wednesday,6.94,45.04
1,jeepney,6,sunday,5.98,16.82
3,bus,20,thursday,1.58,6.71
1,jeepney,1,friday,3.0,8.29
1,bus,10,saturday,2.55,8.77
3,bus,3,tuesday,7.71,23.59
2,jeepney,20,tuesday,5.7,20.19
3,jeepney,10,sunday,2.21,6.07
2,e-jeep,4,friday,5.17,12.16
2,e-jeep,2,saturday,6.42,12.85
3,e-jeep,23,wednesday,5.65,12.79
2,e-jeep,10,friday,0.32,0.92
1,bus,23,thursday,5.19,16.1
3,jeepney,12,tuesday,7.75,24.56
2,e-jeep,10,sunday,2.48,6.42
3,jeepney,15,sunday,2.95,8.31
1,jeepney,3,saturday,6.34,14.8
1,jeepney,14,thursday,0.31,0.96
3,jeepney,4,saturday,2.62,5.73
1,e-jeep,20,wednesday,2.23,6.83
1,bus,1,thursday,5.12,15.81
2,jeepney,20,monday,5.72,20.72
1,e-jeep,4,friday,2.04,4.76
1,jeepney,22,wednesday,6.59,16.3
3,e-jeep,4,thursday,0.85,2.08
1,bus,3,wednesday,3.13,10.35
1,e-jeep,20,saturday,1.4,3.63
3,jeepney,20,tuesday,3.69,11.88
3,bus,4,thursday,5.04,16.28
1,jeepney,3,tuesday,6.09,16.01
2,e-jeep,13,wednesday,6.39,19.98
1,bus,7,friday,4.93,34.63
3,e-jeep,0,sunday,6.82,13.43
3,jeepney,19,friday,1.75,10.79
1,bus,7,thursday,3.27,24.81
3,bus,2,friday,7.14,24.78
2,e-jeep,4,thursday,6.93,16.45
3,e-jeep,21,tuesday,6.17,17.26
1,jeepney,18,monday,0.41,2.6
2,jeepney,16,wednesday,5.14,31.15
2,e-jeep,22,thursday,0.93,2.22
1,bus,8,monday,2.69,19.53
1,jeepney,17,wednesday,3.31,19.64
3,bus,20,monday,2.69,10.87
1,jeepney,7,monday,7.42,47.91
3,bus,1,wednesday,5.43,16.95
1,jeepney,0,saturday,1.36,3.42
2,e-jeep,16,friday,6.33,33.35
2,jeepney,4,saturday,6.31,15.19
1,jeepney,10,sunday,3.61,10.42
3,e-jeep,18,saturday,0.89,4.25
1,e-jeep,15,sunday,4.67,12.45
1,e-jeep,18,saturday,5.87,29.11
1,bus,1,sunday,6.94,20.13
2,e-jeep,12,tuesday,1.68,4.69
3,jeepney,22,saturday,5.35,12.98
2,jeepney,23,wednesday,2.39,6.83
1,e-jeep,16,saturday,7.24,36.2
1,bus,12,monday,7.05,26.64
2,e-jeep,2,friday,3.82,9.36
3,e-jeep,9,saturday,5.09,24.28
2,bus,6,saturday,7.23,24.14
1,jeepney,0,thursday,0.48,1.27
3,bus,0,wednesday,0.31,0.97
3,bus,9,monday,1.88,12.69
2,e-jeep,1,tuesday,5.78,14.84
3,jeepney,13,saturday,7.2,21.01
1,bus,18,monday,4.19,29.82
1,e-jeep,18,friday,0.78,4.15
1,jeepney,9,wednesday,6.85,38.87
3,e-jeep,23,wednesday,2.75,6.85
1,jeepney,4,sunday,6.23,15.41
1,jeepney,14,thursday,2.72,9.65
1,e-jeep,14,wednesday,3.87,10.99
1,jeepney,21,wednesday,6.66,21.52
1,jeepney,10,tuesday,1.0,3.47
2,e-jeep,16,monday,5.51,31.25
1,jeepney,12,sunday,3.78,10.54
1,jeepney,14,monday,6.49,22.96
1,jeepney,7,tuesday,1.83,11.27
3,bus,20,monday,4.78,19.89
1,jeepney,2,tuesday,7.25,19.51
1,jeepney,10,monday,0.63,2.11
3,jeepney,13,sunday,5.88,17.05
3,e-jeep,13,tuesday,3.03,8.53
2,e-jeep,14,tuesday,0.57,1.68
3,jeepney,9,thursday,3.47,20.86
1,jeepney,8,thursday,1.36,8.66
1,bus,20,sunday,4.49,16.92
3,e-jeep,11,thursday,4.49,13.5
3,bus,10,thursday,2.38,10.3
1,bus,0,sunday,6.29,18.83
3,e-jeep,11,sunday,4.8,13.08
1,jeepney,7,saturday,2.16,11.32
1,bus,7,friday,6.82,47.35
1,e-jeep,5,tuesday,4.86,11.12
2,bus,18,monday,5.72,42.61
3,bus,4,friday,7.6,23.08
3,e-jeep,9,tuesday,4.08,23.82
3,jeepney,7,monday,4.35,28.65
1,bus,4,wednesday,5.82,17.45
1,e-jeep,0,tuesday,4.82,10.84
3,jeepney,11,monday,3.18,9.9
3,e-jeep,3,wednesday,2.62,6.68
3,jeepney,13,sunday,5.22,15.16
1,e-jeep,22,friday,5.64,12.67
1,e-jeep,21,friday,6.57,20.1
3,bus,9,tuesday,1.67,13.2
3,bus,12,sunday,7.96,25.77
1,jeepney,19,wednesday,7.39,41.67
3,jeepney,18,monday,7.51,48.29
1,bus,7,wednesday,7.86,60.37
3,jeepney,21,saturday,5.92,17.62
2,jeepney,6,tuesday,5.64,19.26
3,jeepney,0,monday,3.27,8.41
2,jeepney,15,thursday,3.0,10.2
3,e-jeep,20,sunday,5.59,15.41
1,jeepney,9,monday,2.75,15.54
2,jeepney,5,thursday,1.54,4.41
2,jeepney,19,friday,7.18,42.14
3,e-jeep,5,friday,7.15,18.16
2,jeepney,6,tuesday,3.45,11.4
3,bus,8,saturday,2.47,16.31
2,jeepney,18,friday,6.77,43.44
1,e-jeep,13,monday,2.57,7.52
2,bus,6,monday,0.5,2.11
1,e-jeep,15,sunday,1.19,2.97
2,e-jeep,21,wednesday,1.0,2.98
2,jeepney,12,wednesday,1.74,6.26
2,e-jeep,8,tuesday,6.75,36.44
3,jeepney,21,monday,0.96,3.28
2,bus,18,tuesday,4.56,31.45
2,bus,17,saturday,6.98,44.32
2,jeepney,9,monday,3.34,19.16
3,jeepney,18,friday,6.46,38.07
1,bus,3,sunday,3.76,9.76
1,jeepney,6,tuesday,0.63,2.25
2,bus,6,sunday,5.13,16.94
2,e-jeep,23,sunday,0.82,1.74
3,e-jeep,10,sunday,2.43,6.38
3,jeepney,19,friday,4.32,26.52
1,e-jeep,4,friday,4.83,11.13
1,jeepney,18,sunday,1.08,5.89
2,bus,13,wednesday,3.25,13.03
2,bus,1,tuesday,2.42,8.21
3,bus,22,thursday,0.6,1.81
3,e-jeep,7,monday,6.04,30.87
1,e-jeep,10,sunday,6.41,17.24
3,e-jeep,21,monday,7.79,24.43
3,e-jeep,14,sunday,6.66,18.04
3,e-jeep,20,monday,1.75,5.5
3,e-jeep,15,sunday,4.28,11.4
3,jeepney,5,monday,2.7,7.19
3,jeepney,18,monday,1.64,9.38
1,jeepney,7,monday,3.81,21.64
1,bus,8,wednesday,6.64,48.25
1,bus,21,monday,2.16,8.66
1,e-jeep,15,friday,4.55,14.0
3,e-jeep,22,monday,2.5,6.11
3,jeepney,6,sunday,2.0,6.06
2,jeepney,20,thursday,4.25,13.39
1,bus,15,tuesday,5.28,20.78
1,jeepney,8,friday,6.5,40.66
3,bus,8,thursday,7.2,49.57
2,e-jeep,6,thursday,2.63,7.86
2,bus,18,monday,0.36,2.42
3,e-jeep,20,friday,4.99,15.47
2,jeepney,2,wednesday,7.91,20.63
2,e-jeep,20,saturday,7.63,19.43
1,jeepney,16,sunday,2.15,12.2
2,bus,21,wednesday,5.54,21.4
2,bus,9,wednesday,7.28,53.77
1,bus,18,saturday,7.96,47.92
3,e-jeep,22,tuesday,5.58,13.1
3,e-jeep,11,friday,2.61,8.27
3,bus,5,wednesday,1.05,3.57
3,e-jeep,17,sunday,7.33,32.45
3,e-jeep,2,tuesday,3.04,7.02
2,e-jeep,10,wednesday,2.31,7.17
2,jeepney,1,sunday,5.18,11.86
1,bus,15,tuesday,4.15,15.68
3,e-jeep,9,thursday,0.72,3.72
1,jeepney,10,thursday,7.9,24.78
1,e-jeep,10,sunday,5.81,14.51
2,e-jeep,20,tuesday,2.71,8.75
2,e-jeep,6,sunday,6.26,16.13
2,jeepney,2,tuesday,5.03,13.13
2,e-jeep,15,thursday,0.34,1.01
2,bus,0,wednesday,6.13,19.52
3,jeepney,0,saturday,5.95,14.43
2,e-jeep,4,monday,3.25,7.69
1,jeepney,1,wednesday,7.6,20.41
3,bus,16,wednesday,3.64,25.7
2,jeepney,15,wednesday,6.08,21.41
1,e-jeep,7,tuesday,5.9,34.2
1,bus,18,friday,1.6,11.89
1,bus,12,saturday,2.27,7.85
3,jeepney,1,saturday,1.13,2.49
3,jeepney,3,thursday,3.72,10.56
2,e-jeep,22,tuesday,1.88,4.38
2,jeepney,13,saturday,1.08,3.12
3,bus,22,tuesday,3.52,10.59
3,bus,19,monday,2.48,17.25
1,e-jeep,19,tuesday,6.29,32.58
2,jeepney,22,thursday,2.57,7.4
1,e-jeep,22,thursday,2.85,7.43
1,bus,3,sunday,4.72,13.15
3,jeepney,2,saturday,5.87,12.78
1,bus,14,wednesday,2.33,10.04
1,jeepney,9,wednesday,6.47,40.42
1,bus,3,sunday,6.14,18.42
3,jeepney,20,tuesday,2.83,8.87
2,bus,23,monday,3.17,10.41
2,jeepney,12,thursday,2.39,8.12
2,e-jeep,20,sunday,1.58,4.38
1,bus,5,monday,3.5,11.04
3,bus,14,tuesday,5.01,19.18
1,bus,21,sunday,5.9,19.31
2,e-jeep,3,thursday,3.69,9.52
2,bus,0,saturday,6.99,19.37
3,bus,23,friday,2.02,6.02
3,e-jeep,16,saturday,5.69,28.86
3,bus,7,thursday,2.96,20.94
1,e-jeep,17,friday,0.72,3.84
3,jeepney,15,sunday,4.12,12.62
2,e-jeep,7,wednesday,7.77,45.67
3,jeepney,20,thursday,3.41,11.87
2,e-jeep,18,thursday,0.98,5.35
1,e-jeep,15,saturday,5.33,14.85
1,e-jeep,17,friday,0.3,1.75
3,bus,20,wednesday,7.15,28.32
3,bus,14,wednesday,3.1,13.35
2,jeepney,10,friday,6.21,20.37
3,bus,11,saturday,3.78,14.05
1,bus,0,wednesday,3.03,9.49
3,e-jeep,16,wednesday,5.71,33.59
2,jeepney,4,sunday,5.82,13.03
2,jeepney,19,tuesday,1.74,9.87
1,e-jeep,14,sunday,6.32,15.93
2,jeepney,1,saturday,6.75,15.43
2,e-jeep,21,friday,7.66,24.41
1,e-jeep,16,saturday,0.67,2.97
2,bus,16,sunday,7.39,49.28
1,bus,23,sunday,1.29,3.66
3,bus,10,friday,7.09,28.73
3,bus,7,wednesday,3.36,25.07
2,e-jeep,4,tuesday,3.48,8.09
3,bus,9,sunday,5.7,34.08
3,bus,17,saturday,1.97,13.07
2,bus,21,wednesday,7.39,31.41
3,bus,5,friday,4.48,14.03
1,bus,11,friday,4.0,15.82
3,bus,13,saturday,6.06,19.99
2,e-jeep,0,friday,1.12,2.74
3,jeepney,1,tuesday,2.36,6.02
3,e-jeep,8,tuesday,6.76,35.78
1,e-jeep,17,monday,3.06,16.82
3,bus,23,friday,6.96,21.44
2,bus,7,friday,6.34,44.01
3,e-jeep,21,monday,7.43,22.7
2,bus,17,monday,0.4,3.03
2,bus,7,saturday,5.73,35.4
3,bus,23,friday,1.81,5.59
2,jeepney,14,tuesday,7.87,28.15
3,jeepney,16,monday,3.2,19.62
2,bus,4,tuesday,4.8,15.99
2,e-jeep,22,tuesday,0.61,1.37
1,bus,20,friday,6.79,28.05
3,bus,11,monday,6.34,26.12
1,jeepney,16,monday,6.35,40.7
3,bus,12,monday,2.99,11.27
2,bus,10,wednesday,2.56,9.55
3,bus,15,friday,6.64,24.66
1,jeepney,21,wednesday,3.73,11.68
3,bus,7,monday,5.56,41.63
2,jeepney,8,friday,5.87,38.5
2,bus,16,sunday,4.22,26.74
3,e-jeep,6,wednesday,4.26,11.92
3,jeepney,17,monday,5.13,32.6
1,bus,21,thursday,6.73,28.25
3,bus,13,saturday,6.59,24.61
1,bus,0,thursday,5.82,20.11
1,jeepney,5,sunday,2.24,5.58
2,jeepney,13,thursday,3.77,12.76
1,e-jeep,12,saturday,1.21,3.43
3,bus,2,sunday,6.04,18.12
2,jeepney,16,monday,2.53,14.89
1,bus,9,sunday,7.44,47.96
1,bus,15,tuesday,4.41,18.73
3,e-jeep,9,saturday,1.41,6.5
3,bus,11,monday,4.56,18.08
1,jeepney,0,friday,4.89,12.96
2,jeepney,6,saturday,6.01,16.81
2,jeepney,20,sunday,4.25,13.03
3,jeepney,8,tuesday,1.18,6.96
1,bus,17,thursday,5.26,41.06
1,bus,8,monday,1.82,13.07
2,e-jeep,4,saturday,5.35,11.93
1,bus,6,wednesday,4.04,16.62
2,bus,22,friday,1.47,4.65
2,e-jeep,5,monday,2.71,6.22
3,bus,20,thursday,2.43,9.94
3,bus,10,thursday,3.86,15.8
2,e-jeep,17,monday,1.65,8.85
1,e-jeep,17,tuesday,2.33,11.97
3,jeepney,2,monday,6.84,17.86
3,bus,12,sunday,4.84,15.81
2,bus,17,friday,3.94,27.45
2,e-jeep,7,sunday,4.84,21.72
2,jeepney,16,friday,1.0,6.2
3,jeepney,7,sunday,7.72,37.77
1,bus,16,tuesday,3.74,28.67
3,bus,4,saturday,5.94,15.44
1,jeepney,15,tuesday,0.78,2.66
3,jeepney,6,friday,7.29,24.85
2,e-jeep,1,monday,7.85,19.39
3,bus,20,sunday,2.41,8.07
3,bus,18,tuesday,3.2,23.73
3,bus,2,friday,2.24,6.66
3,jeepney,12,wednesday,6.59,22.53
3,e-jeep,0,friday,7.09,17.18
1,jeepney,16,saturday,2.46,13.73
2,jeepney,19,saturday,6.59,33.86
2,e-jeep,23,monday,4.01,9.66
3,jeepney,5,saturday,6.72,16.87
1,jeepney,18,friday,1.54,9.14
3,jeepney,4,monday,1.58,3.95
2,bus,19,friday,5.21,35.73
3,bus,9,monday,1.97,14.09
2,e-jeep,5,tuesday,6.69,15.8
1,bus,19,saturday,4.23,28.25
2,bus,14,friday,4.85,20.28
1,e-jeep,3,monday,1.86,4.22
3,bus,13,sunday,1.45,5.39
3,e-jeep,19,monday,7.06,38.32
1,jeepney,15,saturday,1.3,3.71
3,jeepney,20,thursday,4.32,14.7
3,jeepney,16,thursday,2.07,11.97
2,e-jeep,18,sunday,6.01,27.36
3,bus,3,thursday,1.33,4.27
1,jeepney,9,friday,7.05,43.36
1,jeepney,22,saturday,6.38,14.61
3,jeepney,0,thursday,5.34,13.82
2,e-jeep,11,monday,1.49,4.36
2,e-jeep,17,thursday,4.65,24.92
2,bus,6,thursday,4.55,18.03
2,jeepney,17,friday,4.02,22.6
2,bus,22,thursday,5.97,18.08
1,bus,23,tuesday,3.74,11.6
1,jeepney,6,friday,3.38,11.57
3,bus,22,saturday,5.74,16.89
1,bus,2,sunday,1.42,3.7
1,e-jeep,2,wednesday,2.01,5.17
3,jeepney,12,thursday,5.03,16.71
3,bus,1,sunday,6.62,18.02
1,e-jeep,6,sunday,5.36,13.33
1,e-jeep,1,sunday,4.92,10.24
3,jeepney,5,saturday,0.58,1.4
1,jeepney,2,wednesday,6.3,17.2
2,e-jeep,18,tuesday,4.29,22.55
1,jeepney,17,wednesday,5.89,35.36
2,bus,11,sunday,2.43,8.31
2,jeepney,12,friday,0.34,1.2
1,bus,17,monday,4.17,31.12
3,jeepney,8,friday,6.56,39.29
2,bus,12,friday,4.02,16.77
2,e-jeep,21,thursday,7.2,20.42
1,e-jeep,8,monday,3.25,16.94
3,jeepney,22,tuesday,6.46,17.47
3,e-jeep,17,monday,5.7,32.31
1,e-jeep,12,saturday,6.07,16.25
1,bus,15,wednesday,3.02,11.36
1,e-jeep,23,saturday,7.46,16.38
1,bus,7,saturday,2.16,14.19
1,jeepney,7,sunday,5.06,28.22
1,jeepney,2,saturday,7.66,17.78
3,jeepney,1,sunday,4.01,9.12
3,e-jeep,8,thursday,1.71,8.95
2,bus,12,tuesday,6.08,25.86
2,bus,15,friday,0.55,2.26
1,bus,14,monday,5.68,22.87
1,bus,0,saturday,1.92,5.27
2,e-jeep,19,sunday,2.3,10.82
2,jeepney,15,friday,2.94,10.32
1,e-jeep,13,saturday,6.09,16.24
2,e-jeep,14,tuesday,4.7,13.1
1,bus,3,saturday,2.38,6.91
2,e-jeep,6,tuesday,6.46,18.67
1,e-jeep,5,thursday,4.15,9.23
3,bus,17,saturday,2.73,17.3
3,e-jeep,18,monday,3.37,17.84
1,jeepney,8,thursday,6.76,43.8
2,bus,8,wednesday,3.07,22.12
2,e-jeep,0,thursday,1.23,2.79
1,bus,18,friday,5.3,38.31
2,e-jeep,10,saturday,4.23,10.57
1,e-jeep,12,friday,2.51,7.37
1,jeepney,20,sunday,7.45,21.87
3,bus,12,sunday,7.28,27.15
1,e-jeep,10,wednesday,5.33,15.47
3,bus,12,wednesday,7.14,27.33
3,e-jeep,18,friday,7.73,42.75
1,jeepney,4,saturday,2.11,5.1
3,bus,23,monday,1.92,6.25
1,jeepney,15,friday,0.71,2.27
1,bus,3,wednesday,5.06,17.35
2,e-jeep,7,tuesday,5.98,32.92
1,jeepney,16,sunday,1.61,9.17
2,e-jeep,15,thursday,7.81,23.28
3,e-jeep,14,tuesday,7.77,22.6
3,jeepney,19,thursday,5.16,30.61
2,bus,16,saturday,5.22,34.05
2,e-jeep,17,tuesday,6.5,35.79
2,e-jeep,8,tuesday,2.64,15.65
2,jeepney,9,thursday,4.42,26.01
2,e-jeep,9,monday,6.2,32.28
1,bus,0,friday,3.18,10.32
2,bus,12,tuesday,1.56,6.01
2,e-jeep,7,wednesday,0.91,4.87
3,bus,22,saturday,2.39,6.5
2,bus,13,tuesday,6.87,28.95
1,e-jeep,20,thursday,5.06,15.75
2,bus,6,wednesday,0.45,1.94
1,bus,5,monday,2.47,8.41
3,e-jeep,0,tuesday,0.99,2.58
2,jeepney,13,wednesday,6.35,21.17
2,e-jeep,22,sunday,0.54,1.21
1,jeepney,8,sunday,3.32,17.38
1,jeepney,8,sunday,3.24,18.52
1,bus,12,sunday,7.81,28.31
1,jeepney,14,saturday,6.24,18.03
2,jeepney,12,saturday,7.7,20.86
3,jeepney,23,monday,6.03,15.95
2,jeepney,15,saturday,2.6,7.71
3,jeepney,6,monday,2.12,7.14
1,jeepney,8,friday,1.22,7.07
1,jeepney,18,sunday,5.62,28.75
2,jeepney,2,tuesday,1.51,4.31
2,bus,20,monday,0.76,2.97
3,bus,3,tuesday,4.06,13.38
3,bus,11,sunday,7.17,24.04
3,jeepney,12,wednesday,5.88,20.41
2,jeepney,22,thursday,4.6,12.18
1,e-jeep,18,tuesday,4.49,25.2
2,e-jeep,19,sunday,4.57,23.28
2,jeepney,9,sunday,2.33,12.55
3,jeepney,16,thursday,5.95,33.98
2,bus,19,tuesday,2.77,21.66
2,bus,6,friday,5.56,21.33
3,jeepney,9,wednesday,3.46,21.58
3,jeepney,21,monday,0.64,1.99
1,jeepney,6,monday,4.04,14.39
3,bus,12,saturday,4.07,13.88
2,bus,1,wednesday,2.0,6.18
1,jeepney,20,thursday,7.45,23.58
3,e-jeep,1,wednesday,4.6,10.32
2,e-jeep,22,monday,6.64,16.56
3,jeepney,2,sunday,2.64,5.72
1,bus,3,saturday,2.08,5.9
3,jeepney,21,tuesday,4.69,14.59
3,bus,17,thursday,6.05,42.2
2,bus,21,thursday,5.71,23.11
1,jeepney,5,friday,3.39,9.28
3,jeepney,19,thursday,7.49,42.65
2,bus,11,thursday,6.18,25.0
2,bus,19,tuesday,4.64,35.36
3,bus,8,wednesday,7.7,56.47
1,e-jeep,23,monday,7.87,18.6
1,bus,9,monday,2.61,19.87
1,e-jeep,22,sunday,2.42,5.01
3,bus,18,tuesday,1.03,7.54
1,jeepney,8,wednesday,7.15,45.14
2,e-jeep,2,friday,3.38,7.6
1,bus,23,wednesday,6.41,21.64
3,bus,18,sunday,7.29,45.41
1,e-jeep,23,sunday,4.74,10.61
2,jeepney,11,sunday,3.64,9.87
1,jeepney,23,saturday,6.84,14.84
3,bus,12,monday,2.65,11.44
3,bus,4,wednesday,4.17,13.97
3,jeepney,23,thursday,7.78,19.94
3,bus,2,tuesday,3.63,11.11
1,jeepney,10,monday,3.96,12.7
2,bus,8,monday,3.37,24.77
1,bus,4,thursday,4.61,14.78
3,bus,6,friday,5.04,19.43
1,jeepney,2,wednesday,6.28,17.23
1,bus,3,saturday,3.48,9.9
2,jeepney,11,friday,5.35,17.1
2,jeepney,19,sunday,7.92,42.13
2,jeepney,1,sunday,2.1,4.73
3,jeepney,2,monday,5.99,16.66
1,bus,9,monday,2.94,20.39
2,e-jeep,15,monday,2.86,8.26
1,jeepney,17,friday,6.08,36.56
3,bus,4,saturday,5.68,17.12
3,bus,16,monday,2.27,17.76
3,jeepney,19,wednesday,0.71,4.2
1,jeepney,12,saturday,2.39,6.56
2,bus,3,monday,2.55,7.69
1,e-jeep,12,friday,7.82,25.07
2,e-jeep,19,friday,0.98,5.62
3,e-jeep,22,monday,0.61,1.37
2,e-jeep,15,thursday,6.03,19.6
2,bus,11,saturday,2.63,8.48
2,bus,1,saturday,2.28,6.46
3,jeepney,8,tuesday,1.47,8.38
1,bus,2,saturday,3.24,8.4
3,bus,21,tuesday,3.51,13.88
2,e-jeep,19,wednesday,3.76,21.79
1,bus,18,friday,5.57,42.54
2,jeepney,22,saturday,7.22,15.71
1,e-jeep,20,friday,7.36,22.74
3,bus,23,monday,1.72,5.22
3,jeepney,0,sunday,2.75,5.93
2,e-jeep,14,saturday,7.49,18.38
2,bus,4,sunday,1.75,5.17
3,jeepney,19,wednesday,4.96,29.53
1,bus,7,saturday,0.5,3.39
1,e-jeep,16,sunday,4.96,22.75
1,e-jeep,12,thursday,3.95,12.52
1,jeepney,13,sunday,7.76,21.06
1,e-jeep,23,saturday,7.91,15.85
1,jeepney,14,sunday,5.05,14.21
1,e-jeep,13,thursday,6.28,18.52
3,e-jeep,10,thursday,5.01,14.47
3,bus,16,saturday,7.04,42.57
1,bus,14,thursday,6.67,28.79
3,jeepney,17,thursday,7.88,51.56
3,e-jeep,20,monday,1.76,5.33
2,e-jeep,14,tuesday,3.55,10.46
3,jeepney,16,tuesday,3.87,22.92
3,jeepney,16,monday,1.68,10.04
3,bus,4,thursday,3.48,11.22
2,jeepney,18,saturday,7.2,35.76
2,jeepney,10,saturday,5.29,14.83
3,jeepney,23,monday,1.0,2.58
2,bus,2,friday,5.75,17.76
3,bus,5,thursday,4.54,15.67
2,jeepney,18,sunday,5.38,30.03
1,jeepney,22,monday,3.53,9.71
2,e-jeep,20,tuesday,1.21,3.86
1,jeepney,19,sunday,2.25,11.94
3,e-jeep,0,friday,7.1,17.79
3,bus,15,thursday,3.46,14.84
1,bus,7,friday,2.44,17.39
1,jeepney,5,tuesday,0.72,1.97
1,jeepney,21,friday,6.75,23.25
1,jeepney,3,thursday,7.95,22.41
3,e-jeep,21,saturday,5.69,14.67
1,bus,14,saturday,4.76,15.49
2,jeepney,10,wednesday,7.21,22.86
3,e-jeep,2,wednesday,3.93,10.04
2,e-jeep,16,thursday,4.34,22.95
1,bus,3,friday,5.92,18.56
2,jeepney,23,saturday,4.96,10.99
2,bus,13,friday,6.83,28.41
3,bus,11,tuesday,5.03,20.13
3,bus,15,thursday,6.52,24.57
3,jeepney,9,tuesday,0.31,2.03
1,bus,23,sunday,1.9,5.19
2,e-jeep,1,wednesday,2.99,6.84
1,jeepney,20,tuesday,5.61,19.46
2,jeepney,9,friday,4.53,26.33
3,jeepney,10,wednesday,3.35,11.04
1,jeepney,6,wednesday,6.72,20.98
2,e-jeep,1,saturday,1.35,2.98
3,e-jeep,10,thursday,6.34,19.29
1,bus,16,wednesday,4.65,32.88
3,bus,0,tuesday,4.75,15.62
1,e-jeep,4,wednesday,6.77,16.68
3,e-jeep,17,sunday,1.58,7.37
3,jeepney,3,sunday,6.32,15.12
3,e-jeep,1,wednesday,3.49,8.38
2,jeepney,14,sunday,7.62,23.14
1,e-jeep,3,wednesday,6.34,14.57
2,jeepney,16,monday,6.45,36.71
1,jeepney,10,thursday,5.94,19.73
1,e-jeep,3,sunday,7.86,16.36
1,jeepney,23,monday,3.84,9.9
1,bus,0,wednesday,7.48,23.24
1,bus,10,thursday,7.15,30.54
3,bus,9,monday,4.75,35.62
2,jeepney,6,tuesday,2.51,8.32
3,e-jeep,3,wednesday,1.45,3.61
3,jeepney,17,friday,1.09,6.56
2,bus,8,tuesday,7.56,52.43
1,bus,5,monday,2.7,8.13
2,bus,1,tuesday,0.52,1.56
1,jeepney,12,monday,0.96,3.26
3,bus,18,saturday,6.74,41.31
2,bus,9,wednesday,6.59,46.35
3,bus,2,sunday,6.19,17.04
3,jeepney,14,monday,3.81,12.34
2,bus,15,tuesday,7.6,32.24
2,bus,11,thursday,1.71,6.41
2,e-jeep,14,thursday,0.53,1.6
2,e-jeep,14,sunday,1.62,4.05
3,bus,4,friday,1.09,3.32
2,jeepney,17,saturday,0.85,4.63
2,e-jeep,18,thursday,2.14,12.17
2,jeepney,12,monday,2.92,9.27
2,bus,13,friday,6.36,25.26
1,jeepney,21,saturday,0.9,2.44
2,bus,3,friday,4.89,16.1
2,jeepney,5,wednesday,7.66,21.94
3,jeepney,19,sunday,6.61,35.82
3,bus,1,monday,1.98,6.72
3,bus,0,sunday,1.43,4.22
2,bus,12,friday,4.75,19.97
2,bus,9,friday,6.42,45.39
3,e-jeep,11,monday,4.79,14.12
2,bus,4,sunday,2.57,7.3
1,bus,0,saturday,4.61,11.92
2,jeepney,0,tuesday,3.62,9.52
2,bus,22,thursday,3.43,11.09
3,jeepney,5,thursday,1.37,3.62
2,e-jeep,4,wednesday,7.98,18.64
1,jeepney,2,saturday,0.42,0.94
3,e-jeep,13,tuesday,0.95,2.79
2,e-jeep,22,friday,7.46,17.56
3,e-jeep,13,friday,6.61,20.2
1,jeepney,13,friday,0.36,1.2
1,bus,22,friday,2.37,7.1
2,bus,1,monday,4.67,14.47
3,jeepney,15,saturday,0.92,2.57
2,bus,14,friday,0.9,3.39
1,jeepney,15,saturday,6.01,16.23
3,jeepney,20,friday,6.45,22.16
2,jeepney,17,sunday,0.38,2.02
3,e-jeep,23,wednesday,3.54,7.91
2,e-jeep,5,monday,5.65,13.35
3,e-jeep,18,wednesday,0.77,4.22
3,jeepney,1,saturday,7.93,17.52
1,bus,9,thursday,0.94,6.83
2,e-jeep,4,friday,2.46,5.58
3,jeepney,3,friday,1.64,4.31
3,jeepney,14,wednesday,6.52,22.6
1,bus,15,tuesday,6.46,24.43
1,e-jeep,4,friday,7.49,19.03
2,e-jeep,12,tuesday,5.39,15.61
1,jeepney,18,saturday,6.78,38.47
1,e-jeep,1,tuesday,3.87,9.32
3,e-jeep,17,tuesday,3.22,17.0
2,e-jeep,4,friday,7.0,18.22
2,e-jeep,21,wednesday,7.71,22.47
1,jeepney,17,saturday,3.02,15.08
3,bus,8,wednesday,2.38,16.51
3,e-jeep,18,thursday,3.85,20.43
3,jeepney,21,friday,6.23,20.7
3,bus,5,wednesday,4.52,14.07
1,jeepney,13,monday,4.34,14.05
1,e-jeep,23,wednesday,2.24,5.81
1,bus,1,friday,5.36,16.28
3,bus,3,saturday,7.68,22.88
1,bus,12,saturday,6.18,21.0
1,jeepney,22,tuesday,2.25,6.03
3,jeepney,14,wednesday,6.22,20.11
2,bus,8,tuesday,6.31,47.59
2,jeepney,12,wednesday,7.97,27.64
1,e-jeep,14,monday,4.09,11.48
2,bus,5,saturday,4.09,12.07
1,e-jeep,19,saturday,1.12,5.36
1,e-jeep,1,monday,0.84,1.95
1,e-jeep,15,tuesday,5.33,17.38
3,jeepney,12,wednesday,1.47,5.04
3,e-jeep,0,friday,5.75,13.23
2,e-jeep,12,sunday,5.9,14.66
3,jeepney,7,monday,3.26,19.18
1,e-jeep,18,friday,7.5,41.85
2,bus,12,monday,5.17,19.27
2,jeepney,17,sunday,7.7,43.5
2,e-jeep,20,tuesday,1.66,5.38
3,e-jeep,6,wednesday,5.66,15.97
3,bus,11,thursday,0.95,3.72
1,bus,4,monday,1.79,5.53
1,bus,15,thursday,0.79,3.14
2,e-jeep,17,sunday,6.55,28.91
1,jeepney,10,monday,2.9,9.34
1,e-jeep,6,sunday,5.33,13.85
3,bus,4,saturday,4.76,12.4
3,jeepney,4,thursday,5.33,14.28
1,bus,7,saturday,5.3,36.34
1,bus,9,sunday,6.41,40.82
3,jeepney,2,sunday,6.59,16.29
3,bus,7,monday,6.49,47.76
3,bus,12,wednesday,1.23,4.78
1,bus,10,sunday,7.73,28.18
3,jeepney,5,wednesday,0.79,2.19
1,e-jeep,22,wednesday,4.56,11.05
1,bus,4,monday,6.39,20.02
1,e-jeep,0,thursday,0.92,2.4
3,jeepney,20,friday,7.13,24.09
3,e-jeep,4,tuesday,1.4,3.49
2,e-jeep,7,tuesday,5.0,29.45
3,jeepney,15,friday,7.62,24.89
2,e-jeep,13,monday,4.59,14.48
1,bus,19,wednesday,6.94,46.83
1,bus,14,sunday,5.12,18.68
1,jeepney,3,sunday,1.45,3.19
2,e-jeep,5,tuesday,5.46,14.14
2,bus,9,tuesday,3.65,27.27
1,e-jeep,3,saturday,0.7,1.45
1,jeepney,15,friday,1.19,3.73
2,bus,18,friday,2.81,21.47
2,bus,7,sunday,1.15,7.6
3,jeepney,13,sunday,1.84,5.02
2,jeepney,18,thursday,0.72,4.41
3,jeepney,14,tuesday,3.28,11.61
1,bus,20,wednesday,7.81,32.8
1,jeepney,22,friday,0.76,2.15
2,e-jeep,13,tuesday,6.15,19.32
3,e-jeep,5,sunday,6.42,12.49
3,jeepney,17,sunday,2.07,11.07
2,bus,6,friday,3.95,15.89
3,jeepney,13,saturday,7.02,21.2
3,e-jeep,7,friday,7.59,38.83
2,jeepney,1,monday,7.93,20.39
1,bus,13,friday,3.34,12.73
1,bus,14,thursday,2.15,8.52
3,jeepney,23,thursday,7.61,21.56
1,e-jeep,20,monday,0.42,1.23
3,jeepney,14,sunday,4.69,13.41
2,e-jeep,4,sunday,5.71,12.55
3,e-jeep,14,saturday,5.18,12.78
2,jeepney,22,wednesday,4.39,12.1
3,e-jeep,19,friday,4.73,27.07
1,bus,19,wednesday,5.97,46.75
2,bus,1,monday,3.25,10.46
2,jeepney,11,tuesday,5.29,17.07
3,bus,6,tuesday,7.86,32.81
3,jeepney,15,saturday,7.53,21.55
1,bus,23,sunday,2.04,5.81
3,e-jeep,21,thursday,2.43,7.84
2,e-jeep,15,friday,4.36,13.92
3,bus,21,sunday,4.4,15.83
2,bus,21,saturday,6.53,21.22
1,jeepney,14,monday,0.92,2.88
1,e-jeep,3,tuesday,2.42,5.63
1,e-jeep,6,friday,7.63,24.78
3,e-jeep,17,tuesday,3.95,21.82
3,bus,0,wednesday,1.76,6.1
3,jeepney,20,wednesday,3.47,11.87
2,bus,15,friday,5.43,21.62
2,bus,14,wednesday,4.67,17.56
1,e-jeep,8,tuesday,4.03,20.44
1,jeepney,11,wednesday,3.81,13.42
3,jeepney,17,wednesday,1.7,10.87
3,bus,21,sunday,1.48,5.37
2,jeepney,18,tuesday,3.69,22.84
3,jeepney,22,monday,5.42,13.43
2,jeepney,14,friday,7.81,25.89
1,jeepney,12,thursday,6.22,19.35
1,e-jeep,0,saturday,4.51,9.4
3,bus,9,thursday,7.2,48.7
3,bus,4,sunday,4.65,12.15
2,e-jeep,22,monday,5.93,13.38
3,jeepney,17,monday,2.67,16.44
2,jeepney,11,monday,2.81,9.21
3,jeepney,16,tuesday,6.32,36.73
1,jeepney,2,friday,6.84,17.74
3,jeepney,12,tuesday,4.08,13.38
1,bus,21,wednesday,3.36,12.99
2,e-jeep,12,wednesday,0.39,1.2
2,e-jeep,17,monday,1.96,10.07
2,bus,14,wednesday,1.56,6.02
3,e-jeep,13,tuesday,6.73,19.88
1,jeepney,9,thursday,7.91,47.75
1,e-jeep,18,sunday,3.19,16.43
2,bus,13,tuesday,4.58,17.72
1,jeepney,5,sunday,3.24,7.45
2,jeepney,18,wednesday,4.1,23.93
1,jeepney,0,tuesday,2.32,5.77
2,bus,3,saturday,5.43,15.64
2,jeepney,22,saturday,2.18,5.38
2,e-jeep,2,friday,6.04,14.31
2,bus,8,saturday,5.58,32.8
2,jeepney,16,saturday,4.73,23.62
3,jeepney,1,tuesday,2.76,6.94
2,jeepney,5,monday,2.4,6.48
1,e-jeep,9,wednesday,4.38,22.33
1,bus,20,tuesday,6.19,24.37
3,jeepney,10,sunday,2.73,7.5
2,e-jeep,21,saturday,5.6,15.62
2,bus,4,monday,1.35,4.48
2,e-jeep,10,tuesday,1.09,3.46
1,jeepney,17,friday,5.61,31.7
3,bus,17,saturday,6.12,41.25
1,e-jeep,3,sunday,1.31,2.96
2,e-jeep,22,wednesday,1.37,3.32
3,bus,10,tuesday,5.77,24.96
1,jeepney,4,sunday,5.65,12.72
1,e-jeep,6,tuesday,7.85,23.84
1,jeepney,0,sunday,4.03,9.45
1,jeepney,1,sunday,5.38,12.29
1,e-jeep,8,monday,0.81,4.3
1,jeepney,19,tuesday,4.82,30.68
2,bus,0,monday,1.42,4.37
3,e-jeep,11,wednesday,1.54,4.62
3,bus,7,friday,4.69,36.45
1,bus,16,tuesday,5.81,39.33
3,jeepney,0,saturday,1.06,2.58
3,bus,15,wednesday,5.68,23.93
1,bus,5,sunday,3.03,8.6
3,jeepney,7,thursday,1.17,6.58
2,jeepney,3,friday,1.35,3.46
2,bus,17,saturday,0.61,3.97
2,jeepney,9,thursday,4.92,30.74
1,e-jeep,17,thursday,2.54,13.11
1,jeepney,15,saturday,3.13,9.84
2,bus,21,monday,3.35,13.35
1,bus,3,tuesday,3.34,10.36
3,jeepney,5,monday,3.1,8.68
3,jeepney,12,monday,2.09,7.05
2,e-jeep,22,sunday,4.78,10.35
2,bus,11,thursday,5.43,20.26
3,e-jeep,8,tuesday,6.21,36.14
2,e-jeep,15,tuesday,5.14,16.38
3,jeepney,1,sunday,0.83,1.87
2,jeepney,19,saturday,2.82,15.35
1,bus,2,saturday,6.09,16.25
1,e-jeep,9,saturday,4.13,19.57
2,bus,17,friday,0.44,3.07
1,e-jeep,12,thursday,2.72,8.32
1,e-jeep,1,tuesday,4.59,10.42
3,e-jeep,5,thursday,3.62,8.96
2,e-jeep,3,friday,5.5,12.87
3,bus,18,thursday,3.96,27.25
1,bus,12,wednesday,4.11,15.29
3,bus,11,sunday,7.83,28.04
3,jeepney,1,tuesday,6.74,18.42
3,bus,0,sunday,7.16,20.44
2,jeepney,11,wednesday,3.47,12.45
1,jeepney,7,saturday,2.7,15.24
1,bus,9,monday,2.9,22.85
1,e-jeep,14,saturday,6.95,17.94
2,e-jeep,0,saturday,3.92,8.86
2,e-jeep,18,thursday,2.78,16.21
1,e-jeep,22,saturday,1.89,3.95
2,bus,5,friday,2.61,7.77
2,jeepney,20,sunday,7.8,24.26
1,bus,9,wednesday,0.67,4.51
1,e-jeep,19,saturday,7.68,35.2
1,bus,18,wednesday,2.4,17.27
2,bus,13,tuesday,2.97,12.74
3,e-jeep,9,thursday,5.41,30.42
2,e-jeep,8,friday,4.27,22.67
1,bus,0,saturday,5.72,15.04
2,bus,6,saturday,7.71,25.82
2,e-jeep,20,friday,6.53,18.54
3,e-jeep,23,saturday,0.76,1.67
1,e-jeep,7,tuesday,6.05,31.66
2,e-jeep,10,sunday,6.69,18.76
2,jeepney,8,sunday,2.51,13.99
3,bus,7,thursday,2.14,16.49
1,jeepney,9,thursday,4.04,22.7
3,e-jeep,1,tuesday,1.53,3.9
2,e-jeep,21,friday,1.66,4.71
2,bus,0,monday,6.92,23.72
2,bus,2,thursday,7.21,22.46
2,jeepney,23,sunday,1.38,3.41
3,bus,3,friday,5.41,17.09
2,bus,15,monday,2.13,9.07
2,e-jeep,18,saturday,3.3,15.05
2,jeepney,6,tuesday,1.12,3.91
2,e-jeep,13,wednesday,6.94,22.41
2,bus,22,monday,2.74,8.88
1,bus,8,sunday,7.51,48.56
2,bus,9,monday,5.27,35.99
3,jeepney,21,sunday,7.54,21.21
1,bus,8,friday,3.26,23.19
2,bus,21,monday,4.42,18.46
2,e-jeep,0,thursday,7.44,16.74
1,e-jeep,7,wednesday,1.92,9.86
3,e-jeep,10,sunday,6.2,16.42
2,jeepney,2,sunday,6.3,14.63
2,bus,10,saturday,3.55,11.57
1,jeepney,22,wednesday,4.2,11.47
3,bus,17,saturday,2.82,17.29
3,jeepney,20,tuesday,5.15,16.4
1,jeepney,12,tuesday,5.14,17.66
1,jeepney,5,tuesday,4.28,10.62
1,bus,19,saturday,3.46,20.44
2,e-jeep,23,tuesday,2.31,5.38
2,e-jeep,6,monday,3.49,11.03
3,e-jeep,7,monday,7.6,38.83
3,bus,20,tuesday,7.28,27.07
2,jeepney,22,sunday,1.6,3.77
3,e-jeep,8,tuesday,0.99,5.52
1,bus,0,saturday,4.35,11.6
3,e-jeep,15,monday,2.03,6.39
2,e-jeep,23,thursday,3.24,7.86
3,jeepney,6,sunday,2.48,6.99
1,e-jeep,13,sunday,1.42,3.83
1,e-jeep,19,thursday,7.29,40.61
3,bus,14,monday,0.38,1.61
3,e-jeep,12,saturday,1.93,5.13
3,e-jeep,19,wednesday,0.86,4.65
2,jeepney,7,thursday,7.29,40.93
3,bus,22,saturday,6.54,19.76
3,bus,12,wednesday,7.83,30.48
3,jeepney,1,friday,1.68,4.73
2,e-jeep,14,tuesday,0.99,2.87
1,e-jeep,8,monday,2.71,13.73
2,e-jeep,23,wednesday,7.43,18.47
3,e-jeep,8,friday,2.71,13.91
3,e-jeep,15,sunday,7.62,19.7
3,bus,14,monday,1.75,7.54
1,jeepney,15,wednesday,1.56,5.23
2,jeepney,1,thursday,3.05,7.87
2,e-jeep,15,monday,6.81,19.3
2,jeepney,2,tuesday,6.98,19.62
3,jeepney,16,sunday,2.4,11.9
1,bus,18,monday,4.35,31.28
1,e-jeep,7,sunday,4.14,21.0
1,e-jeep,9,saturday,7.86,39.68
3,e-jeep,3,sunday,2.79,6.3
3,e-jeep,21,thursday,3.8,10.63
3,bus,0,wednesday,7.77,24.26
2,e-jeep,23,saturday,7.28,14.5
1,jeepney,1,sunday,5.26,12.55
3,jeepney,2,friday,7.63,20.74
2,e-jeep,5,tuesday,7.73,17.53
1,jeepney,6,tuesday,3.29,11.14
3,bus,4,monday,2.6,7.94
2,bus,21,friday,1.31,5.1
3,e-jeep,6,thursday,3.73,11.39
3,e-jeep,19,thursday,0.99,5.47
3,e-jeep,5,thursday,5.16,13.25
2,bus,14,saturday,2.03,6.86
2,jeepney,16,saturday,5.28,29.81
2,e-jeep,2,sunday,3.98,8.8
3,jeepney,9,sunday,2.21,11.78
1,bus,17,monday,7.36,53.41
2,bus,13,monday,3.88,14.99
2,e-jeep,8,friday,0.93,5.07
3,jeepney,21,thursday,1.68,5.9
1,e-jeep,2,thursday,7.05,17.49
3,bus,14,sunday,5.46,18.62
2,e-jeep,5,tuesday,1.73,3.99
2,bus,21,monday,3.64,15.78
1,e-jeep,0,tuesday,5.35,12.92
3,e-jeep,23,friday,5.89,14.6
2,bus,22,saturday,7.72,20.9
1,e-jeep,4,tuesday,0.41,1.05
3,jeepney,6,sunday,0.51,1.48
3,jeepney,7,thursday,6.78,38.86
1,bus,2,wednesday,6.23,21.13
1,e-jeep,3,tuesday,7.25,16.76
2,e-jeep,15,monday,6.92,20.48
2,jeepney,18,sunday,6.72,38.16
1,jeepney,20,sunday,5.79,15.59
3,e-jeep,18,friday,5.93,29.95
2,jeepney,12,thursday,4.25,13.68
2,bus,7,saturday,0.77,5.28
2,bus,17,monday,2.36,16.77
1,e-jeep,15,friday,7.53,23.16
2,bus,0,tuesday,2.52,8.48
2,e-jeep,7,friday,1.99,10.19
3,e-jeep,22,saturday,3.91,7.69
3,bus,12,thursday,6.71,26.12
2,bus,15,sunday,7.78,28.61
2,jeepney,22,saturday,0.96,2.23
1,jeepney,5,friday,4.09,10.42
2,e-jeep,7,tuesday,4.59,23.18
2,e-jeep,11,saturday,1.52,3.77
1,bus,2,wednesday,3.62,11.37
3,jeepney,7,thursday,2.29,14.24
1,e-jeep,17,wednesday,7.2,37.17
3,bus,21,monday,5.74,21.49
2,e-jeep,3,monday,6.32,14.91
3,jeepney,1,friday,1.11,2.9
2,jeepney,5,saturday,2.55,5.97
2,bus,23,sunday,1.06,2.88
1,e-jeep,3,sunday,1.85,3.59
1,jeepney,15,wednesday,2.51,8.83
2,e-jeep,22,sunday,3.5,7.16
1,jeepney,16,thursday,6.36,40.92
2,e-jeep,13,thursday,7.63,22.83
2,bus,0,thursday,1.42,4.93
1,bus,2,wednesday,2.72,8.08
2,jeepney,1,thursday,6.15,15.99
1,bus,18,monday,7.83,52.88
3,bus,9,thursday,3.4,24.03
2,bus,23,saturday,2.72,7.76
3,e-jeep,19,tuesday,5.69,31.31
3,jeepney,19,sunday,5.06,26.92
3,e-jeep,12,sunday,1.82,4.9
3,jeepney,10,thursday,5.88,18.88
3,jeepney,17,wednesday,1.95,11.8
3,e-jeep,10,sunday,5.19,14.66
3,bus,8,tuesday,6.71,50.38
3,e-jeep,3,saturday,0.76,1.62
3,bus,11,monday,0.67,2.62
2,jeepney,9,friday,5.97,36.46
3,jeepney,18,friday,5.8,32.85
3,bus,19,tuesday,3.0,22.6
3,bus,21,tuesday,5.8,23.13
1,jeepney,10,friday,4.78,15.15
2,e-jeep,3,tuesday,5.78,13.18
1,jeepney,1,thursday,7.14,19.11
1,e-jeep,11,saturday,4.35,11.19
2,bus,8,friday,4.14,30.48
3,e-jeep,15,saturday,7.79,19.32
3,jeepney,4,thursday,5.78,16.38
3,bus,16,monday,5.65,41.39
3,jeepney,5,friday,3.14,7.81
2,bus,3,monday,3.15,10.43
1,bus,3,wednesday,2.65,8.65
2,e-jeep,0,sunday,1.4,2.79
1,e-jeep,9,wednesday,1.96,10.17
1,e-jeep,3,friday,2.98,6.75
2,e-jeep,18,wednesday,4.66,23.89
2,e-jeep,23,sunday,4.96,9.93
3,bus,14,sunday,3.76,13.19
2,bus,2,sunday,5.11,13.94
1,e-jeep,12,wednesday,4.47,12.49
3,e-jeep,8,saturday,0.98,4.91
3,jeepney,20,sunday,6.24,18.66
1,bus,20,friday,0.96,3.58
3,bus,1,friday,4.32,13.29
1,bus,3,saturday,7.51,22.03
2,jeepney,6,tuesday,6.69,21.15
2,bus,2,sunday,4.41,12.63
1,bus,15,sunday,7.49,26.74
2,jeepney,0,sunday,4.36,10.3
1,jeepney,3,friday,1.59,4.5
1,e-jeep,4,wednesday,7.63,17.8
3,jeepney,10,tuesday,0.51,1.83
1,e-jeep,10,tuesday,3.48,10.74
1,e-jeep,1,tuesday,2.15,5.08
2,jeepney,16,sunday,4.18,20.55
1,e-jeep,10,thursday,4.56,14.7
2,jeepney,20,tuesday,7.34,26.51
3,bus,21,monday,2.2,8.72
2,jeepney,18,thursday,3.73,21.42
1,bus,4,wednesday,4.46,15.07
3,jeepney,13,friday,3.78,13.69
3,e-jeep,9,saturday,7.79,40.16
2,e-jeep,19,wednesday,6.76,37.59
3,e-jeep,6,friday,6.77,21.05
3,jeepney,17,friday,0.84,5.45
1,bus,4,saturday,4.58,13.21
1,e-jeep,19,friday,7.67,43.09
2,bus,20,wednesday,7.84,30.35
1,e-jeep,21,wednesday,2.93,8.85
2,bus,0,saturday,1.33,3.47
2,bus,0,monday,5.48,17.78
3,bus,15,sunday,3.32,12.38
3,bus,2,friday,0.54,1.64
2,bus,21,monday,3.02,11.5
2,bus,12,tuesday,6.76,25.75
1,jeepney,14,wednesday,7.51,25.26
3,jeepney,0,sunday,2.46,5.34
1,e-jeep,2,sunday,5.02,10.82
1,bus,7,thursday,7.75,60.88
3,e-jeep,22,friday,1.91,4.82
2,bus,3,sunday,2.44,6.79
3,jeepney,6,saturday,5.99,16.9
3,bus,5,monday,4.83,14.87
2,jeepney,18,sunday,2.06,10.82
1,e-jeep,21,monday,7.94,23.11
3,bus,8,saturday,4.61,29.37
3,e-jeep,21,saturday,0.7,1.71
2,e-jeep,8,monday,5.54,30.38
3,e-jeep,1,saturday,2.03,4.39
3,e-jeep,14,wednesday,0.34,1.07
3,jeepney,0,saturday,2.04,4.59
1,jeepney,6,tuesday,2.84,10.18
1,bus,0,thursday,3.63,12.57
2,bus,8,tuesday,1.13,8.58
1,e-jeep,10,friday,6.41,17.96
3,bus,14,sunday,1.04,3.65
1,jeepney,1,monday,3.21,8.06
1,bus,4,monday,7.38,23.84
3,e-jeep,20,thursday,0.81,2.36
1,bus,9,sunday,3.24,21.91
1,e-jeep,19,sunday,5.38,27.69
2,e-jeep,13,friday,5.07,15.61
1,bus,14,friday,2.83,11.91
1,jeepney,19,saturday,0.82,4.13
3,jeepney,4,saturday,4.22,10.02
3,e-jeep,19,thursday,1.73,10.02
1,jeepney,4,wednesday,4.8,12.77
2,bus,9,friday,7.12,49.6
2,jeepney,9,friday,2.94,18.2
3,jeepney,18,saturday,5.52,31.31
3,bus,1,thursday,2.95,8.77
1,bus,2,wednesday,1.76,5.65
2,bus,19,saturday,2.85,17.8
3,e-jeep,9,thursday,2.83,16.48
2,jeepney,7,monday,5.22,30.69
3,e-jeep,6,tuesday,4.0,11.51
3,e-jeep,12,tuesday,3.38,9.64
2,jeepney,0,monday,3.06,8.09
2,jeepney,14,tuesday,5.16,16.13
1,e-jeep,0,tuesday,1.82,4.61
3,e-jeep,5,wednesday,6.83,17.09
1,jeepney,5,sunday,2.32,5.75
1,bus,12,saturday,6.36,23.59
2,jeepney,14,tuesday,3.15,10.72
3,jeepney,19,thursday,7.06,45.99
1,jeepney,6,tuesday,4.4,14.22
3,e-jeep,13,saturday,2.18,6.13
3,bus,6,sunday,4.42,14.69
1,e-jeep,1,saturday,6.43,12.66
3,bus,15,tuesday,5.9,22.57
3,bus,2,tuesday,4.22,12.98
3,bus,11,thursday,4.3,18.13
2,bus,16,saturday,4.02,23.7
2,e-jeep,18,thursday,5.21,27.16
1,bus,6,tuesday,7.19,28.98
2,jeepney,6,wednesday,3.57,12.14
2,jeepney,8,friday,0.95,5.53
2,e-jeep,16,wednesday,2.07,12.19
3,bus,10,thursday,3.77,15.24
2,e-jeep,10,wednesday,3.24,10.25
2,jeepney,20,monday,3.07,10.97
3,bus,17,saturday,0.9,5.9
1,jeepney,3,monday,3.07,8.13
1,e-jeep,21,wednesday,2.23,6.44
2,bus,6,saturday,4.95,18.28
3,bus,17,wednesday,0.37,2.78
2,e-jeep,12,sunday,4.77,12.14
3,e-jeep,16,sunday,7.63,34.19
1,jeepney,23,saturday,1.92,4.65
3,bus,14,saturday,6.57,23.45
2,jeepney,6,thursday,6.23,20.13
2,jeepney,14,sunday,4.6,13.61
1,bus,9,saturday,0.37,2.23
2,e-jeep,7,thursday,3.58,18.77
3,bus,9,wednesday,4.82,34.68
1,jeepney,4,wednesday,4.68,11.91
3,bus,12,thursday,1.87,7.61
2,bus,6,thursday,1.14,4.51
3,e-jeep,9,monday,1.62,8.6
1,jeepney,22,friday,4.06,11.4
2,jeepney,9,tuesday,2.09,12.35
2,jeepney,1,wednesday,4.29,12.07
2,e-jeep,5,monday,1.29,3.14
1,bus,12,sunday,1.89,6.21
2,e-jeep,22,saturday,3.96,8.13
3,e-jeep,6,friday,5.82,17.58
1,jeepney,4,thursday,0.79,2.14
3,jeepney,10,friday,7.07,23.72
1,bus,23,monday,2.52,7.6
2,e-jeep,22,sunday,5.78,12.47
1,bus,13,tuesday,1.68,6.6
2,e-jeep,12,saturday,1.71,4.41
3,e-jeep,1,tuesday,7.12,18.08
3,bus,9,saturday,7.36,45.12
1,bus,15,thursday,7.94,31.49
1,e-jeep,3,friday,6.2,15.31
1,e-jeep,8,tuesday,4.2,23.05
3,jeepney,22,saturday,6.07,14.35
2,bus,6,thursday,0.59,2.46
1,bus,10,saturday,6.06,21.13
1,jeepney,17,saturday,2.17,10.67
2,jeepney,8,sunday,1.54,7.7
1,bus,5,wednesday,1.26,3.88
1,jeepney,21,sunday,0.39,1.17
2,e-jeep,5,tuesday,5.8,13.1
1,bus,14,saturday,0.67,2.28
3,bus,21,saturday,5.38,19.98
2,bus,14,monday,4.91,21.17
1,e-jeep,7,wednesday,7.3,41.83
2,jeepney,0,monday,2.9,8.13
1,bus,7,monday,6.44,44.48
3,jeepney,5,monday,3.5,9.96
2,e-jeep,17,saturday,1.76,8.76
2,bus,13,monday,2.09,8.92
1,e-jeep,0,thursday,5.34,13.9
2,jeepney,7,monday,5.37,33.74
2,bus,1,monday,7.12,23.11
2,bus,3,saturday,4.43,11.43
1,bus,8,monday,4.92,33.22
2,bus,21,sunday,5.64,20.16
3,bus,10,sunday,5.43,20.29
3,jeepney,18,thursday,3.24,19.2
3,jeepney,18,saturday,7.91,43.55
1,bus,9,tuesday,5.98,41.77
1,bus,1,tuesday,3.18,10.52
2,jeepney,6,saturday,0.59,1.6
2,bus,23,wednesday,1.33,4.38
3,jeepney,13,saturday,6.56,18.28
3,jeepney,10,wednesday,2.17,7.19
1,bus,21,saturday,5.84,19.97
3,e-jeep,10,tuesday,3.71,12.09
1,e-jeep,6,monday,5.18,16.49
1,jeepney,2,tuesday,4.86,12.31
1,jeepney,16,monday,3.58,21.81
3,jeepney,6,tuesday,3.56,11.67
2,e-jeep,18,thursday,7.75,44.39
1,e-jeep,11,thursday,3.21,9.68
3,e-jeep,19,saturday,3.64,18.27
1,e-jeep,12,thursday,6.88,19.82
3,e-jeep,17,tuesday,4.56,26.23
2,e-jeep,9,thursday,2.48,13.39
1,e-jeep,10,tuesday,5.8,18.29
1,jeepney,0,sunday,4.16,9.31
2,e-jeep,13,thursday,7.77,23.79
2,e-jeep,20,friday,0.85,2.4
2,jeepney,18,tuesday,1.8,11.02
3,e-jeep,11,friday,5.76,16.91
3,e-jeep,1,saturday,3.27,6.91
1,jeepney,15,monday,7.4,25.23
3,bus,0,saturday,5.43,16.01
2,bus,21,tuesday,2.26,8.89
1,bus,0,monday,6.24,19.52
2,e-jeep,22,friday,7.8,20.07
2,jeepney,5,sunday,3.59,8.08
3,bus,21,thursday,4.81,18.55
1,bus,3,saturday,4.71,12.51
2,jeepney,23,tuesday,7.46,20.22
1,e-jeep,5,sunday,4.09,9.12
2,bus,16,thursday,5.34,37.44
1,jeepney,11,tuesday,5.72,20.03
3,jeepney,3,thursday,4.67,13.05
1,jeepney,23,tuesday,6.53,18.32
2,e-jeep,20,friday,1.14,3.35
2,jeepney,2,thursday,1.26,3.61
3,jeepney,7,thursday,4.04,23.51
1,jeepney,8,sunday,7.66,39.33
1,jeepney,6,friday,6.4,21.77
2,bus,15,thursday,6.13,24.12
2,e-jeep,21,wednesday,8.0,22.84
3,e-jeep,12,thursday,5.0,13.94
1,e-jeep,0,thursday,7.0,17.07
1,jeepney,19,monday,6.99,43.91
1,bus,11,thursday,5.06,19.74
3,e-jeep,13,saturday,1.75,4.24
1,e-jeep,20,wednesday,7.03,19.62
2,bus,21,thursday,2.1,8.42
3,bus,2,wednesday,3.59,10.75
3,e-jeep,22,monday,5.95,14.77
3,jeepney,4,sunday,4.3,9.86
3,bus,1,tuesday,4.13,14.15
3,bus,14,tuesday,7.2,26.85
3,e-jeep,17,tuesday,2.17,12.5
3,bus,2,monday,3.65,11.29
2,jeepney,12,sunday,2.46,6.89
2,bus,21,monday,5.42,20.31
3,bus,15,monday,6.43,26.43
3,jeepney,19,monday,5.26,32.52
3,bus,23,saturday,3.24,8.82
2,bus,7,tuesday,2.3,17.31
1,jeepney,10,saturday,4.86,14.83
3,jeepney,11,tuesday,6.87,21.35
3,bus,0,wednesday,0.78,2.48
2,e-jeep,10,sunday,3.11,7.89
3,jeepney,21,friday,4.85,17.25
3,jeepney,14,wednesday,1.41,4.39
2,jeepney,21,thursday,1.44,4.97
3,bus,22,monday,4.91,16.21
1,bus,8,sunday,5.74,36.43
2,jeepney,9,saturday,7.74,43.89
1,e-jeep,22,tuesday,6.83,15.33
3,jeepney,23,monday,7.41,18.92
3,e-jeep,12,wednesday,7.88,23.05
1,jeepney,17,thursday,2.9,17.09
2,e-jeep,12,monday,4.36,13.55
1,bus,22,sunday,4.52,13.44
3,e-jeep,1,sunday,7.5,16.16
1,bus,18,tuesday,3.7,26.98
1,jeepney,6,sunday,6.06,16.93
2,jeepney,23,sunday,4.73,10.66
2,jeepney,13,saturday,6.78,18.4
2,jeepney,15,tuesday,7.58,26.91
3,bus,10,friday,3.64,15.43
2,bus,7,monday,1.21,8.95
3,e-jeep,19,tuesday,5.33,29.66
3,bus,21,monday,6.29,23.77
2,bus,8,saturday,5.33,34.44
1,jeepney,2,monday,4.07,10.57
1,bus,0,friday,4.71,14.9
3,e-jeep,23,monday,6.42,16.24
3,e-jeep,22,thursday,2.6,6.64
1,e-jeep,22,sunday,6.42,14.11
1,bus,12,friday,6.59,25.22
2,bus,2,friday,6.75,21.47
1,bus,6,saturday,7.21,26.43
3,bus,5,monday,4.57,13.95
1,jeepney,4,friday,1.89,5.33
2,bus,1,monday,7.85,25.1
3,e-jeep,5,thursday,7.82,18.3
2,jeepney,1,friday,7.27,20.05
2,bus,4,friday,4.08,13.46
3,e-jeep,17,friday,1.92,11.19
1,jeepney,1,tuesday,1.39,3.51
1,jeepney,19,friday,1.96,12.15
3,jeepney,19,thursday,0.87,5.49
3,e-jeep,5,thursday,3.81,8.54
2,bus,22,tuesday,4.43,15.22
2,bus,20,saturday,5.27,17.72
3,bus,20,sunday,4.24,15.59
2,jeepney,13,thursday,0.5,1.64
2,jeepney,3,friday,1.15,3.04
2,jeepney,20,monday,3.09,10.58
1,e-jeep,7,wednesday,0.38,2.11
2,jeepney,3,sunday,7.43,18.17
2,bus,18,sunday,6.51,44.02
3,e-jeep,18,sunday,2.47,12.16
1,jeepney,5,wednesday,7.59,20.6
3,e-jeep,21,sunday,4.39,11.28
2,e-jeep,18,tuesday,2.29,12.13
1,bus,21,tuesday,1.4,5.54
1,e-jeep,23,saturday,7.8,15.76
3,jeepney,19,thursday,5.74,36.65
2,e-jeep,16,wednesday,2.42,13.35
1,bus,9,saturday,6.91,40.78
2,e-jeep,2,saturday,0.91,1.83
1,jeepney,18,monday,0.95,5.96
1,e-jeep,13,saturday,4.22,10.62
2,e-jeep,16,saturday,7.98,35.64
1,bus,12,monday,5.05,18.95
1,bus,22,thursday,5.71,17.57
3,jeepney,21,sunday,7.99,21.62
3,bus,1,friday,3.75,12.67
1,bus,5,monday,3.13,10.64
1,e-jeep,13,thursday,3.22,9.86
2,jeepney,21,tuesday,6.7,21.15
2,jeepney,9,thursday,2.56,16.26
3,bus,18,thursday,1.97,14.79
3,bus,1,thursday,7.17,21.73
2,jeepney,0,friday,3.84,10.58
1,jeepney,11,saturday,1.73,5.13
2,jeepney,15,tuesday,0.95,3.16
2,jeepney,3,thursday,0.35,0.89
1,e-jeep,15,thursday,3.18,9.75
3,jeepney,8,monday,7.92,46.83
1,e-jeep,4,wednesday,6.05,15.77
1,bus,3,tuesday,2.49,8.46
3,e-jeep,10,monday,1.53,4.82
3,e-jeep,8,monday,3.54,19.16
3,bus,4,wednesday,6.08,18.62
3,e-jeep,23,saturday,6.79,14.43
1,jeepney,0,tuesday,1.5,4.0
1,bus,1,saturday,6.69,18.83
3,bus,0,thursday,4.0,13.26
2,jeepney,7,friday,1.47,8.89
2,jeepney,3,sunday,2.33,5.23
2,bus,6,thursday,5.74,21.88
3,bus,16,friday,1.7,11.46
3,bus,20,tuesday,2.07,8.8
2,jeepney,6,tuesday,3.58,11.72
1,jeepney,12,thursday,4.34,14.02
1,jeepney,10,thursday,3.99,13.28
1,bus,9,monday,2.37,17.86
3,e-jeep,13,tuesday,2.76,8.93
1,jeepney,1,saturday,6.03,14.66
2,e-jeep,19,monday,3.62,20.56
2,e-jeep,10,wednesday,1.16,3.39
3,bus,4,wednesday,3.08,9.39
3,bus,16,friday,3.16,22.44
3,jeepney,12,monday,7.13,25.26
3,bus,3,monday,4.82,14.47
1,bus,6,saturday,3.73,13.86
3,bus,10,wednesday,5.89,21.85
3,jeepney,23,tuesday,0.64,1.8
3,bus,8,sunday,6.87,40.79
2,e-jeep,14,saturday,5.82,14.25
2,jeepney,13,friday,7.47,24.88
1,jeepney,19,wednesday,5.66,36.47
3,jeepney,1,sunday,7.79,19.01
2,e-jeep,21,friday,7.0,19.53
2,jeepney,16,thursday,4.63,28.56
2,bus,6,tuesday,0.33,1.3
3,bus,0,sunday,4.25,11.82
3,bus,8,wednesday,6.86,51.57
3,e-jeep,3,tuesday,2.02,4.82
1,e-jeep,20,tuesday,7.55,23.49
2,jeepney,1,saturday,7.85,16.88
3,jeepney,3,monday,5.29,13.81
2,e-jeep,2,saturday,7.11,15.42
2,jeepney,19,wednesday,2.8,18.26
2,jeepney,7,saturday,7.73,42.96
3,jeepney,21,sunday,6.29,17.45
3,jeepney,23,saturday,3.24,7.33
3,bus,19,friday,1.89,13.87
2,e-jeep,6,friday,5.15,14.61
1,e-jeep,14,tuesday,5.92,17.95
2,jeepney,2,thursday,1.7,4.77
1,jeepney,18,thursday,7.56,48.29
1,e-jeep,9,tuesday,7.12,36.96
3,bus,6,monday,1.41,5.71
3,e-jeep,12,monday,5.88,18.73
3,jeepney,3,thursday,3.26,9.27
3,jeepney,1,tuesday,2.21,6.31
3,jeepney,19,monday,6.4,42.09
3,jeepney,23,sunday,2.91,6.53
1,jeepney,15,sunday,4.63,13.54
2,jeepney,10,thursday,1.49,5.35
2,bus,20,friday,1.25,4.75
3,jeepney,9,monday,4.24,24.38
1,jeepney,7,monday,2.05,12.66
3,e-jeep,9,tuesday,7.4,39.21
3,bus,3,thursday,1.61,5.49
2,jeepney,11,monday,5.04,17.89
1,jeepney,19,tuesday,1.67,10.07
1,bus,21,thursday,1.46,5.69
3,e-jeep,9,wednesday,7.04,39.86
3,e-jeep,11,wednesday,6.54,18.98
1,jeepney,4,sunday,5.35,12.77
2,e-jeep,23,sunday,6.35,13.3
1,jeepney,18,thursday,7.69,48.32
2,jeepney,4,tuesday,6.21,16.96
2,e-jeep,15,saturday,7.79,20.0
2,bus,4,sunday,7.57,19.73
2,e-jeep,17,thursday,4.45,24.3
1,bus,12,monday,4.77,19.32
3,bus,23,tuesday,5.71,19.08
1,jeepney,0,wednesday,4.6,11.43
1,jeepney,11,wednesday,6.84,21.54
2,jeepney,14,tuesday,6.73,22.25
1,e-jeep,6,sunday,2.03,5.09
3,jeepney,22,tuesday,3.21,9.26
2,e-jeep,1,saturday,1.12,2.31
3,e-jeep,5,monday,1.43,3.64
1,jeepney,0,friday,6.7,18.11
2,jeepney,23,tuesday,6.06,15.66
2,e-jeep,13,saturday,2.9,7.24
1,bus,9,monday,1.5,10.28
3,jeepney,5,friday,1.53,4.15
3,e-jeep,14,friday,5.78,18.04
3,bus,9,saturday,2.05,12.13
1,e-jeep,16,thursday,7.83,45.43
2,jeepney,19,monday,1.99,12.7
3,bus,19,sunday,0.89,5.46
2,e-jeep,20,saturday,3.42,9.1
2,jeepney,20,thursday,1.8,6.4
2,jeepney,19,sunday,6.82,38.88
1,e-jeep,17,monday,0.8,4.3
1,e-jeep,17,tuesday,5.22,30.78
1,e-jeep,18,friday,0.65,3.29
1,e-jeep,1,wednesday,1.02,2.53
2,e-jeep,12,friday,1.8,5.19
2,bus,4,saturday,5.5,15.73
3,bus,3,friday,6.52,22.1
2,bus,15,friday,6.99,30.19
1,jeepney,21,thursday,0.91,2.97
1,bus,6,sunday,5.55,20.48
1,bus,16,friday,7.94,56.76
2,bus,14,sunday,1.31,4.71
2,bus,1,saturday,6.26,17.74
3,jeepney,19,monday,7.68,46.05
1,e-jeep,0,tuesday,6.2,15.35
2,jeepney,3,thursday,2.72,6.78
1,jeepney,8,friday,3.1,20.11
3,jeepney,14,wednesday,7.89,24.43
3,e-jeep,4,monday,7.78,18.71
2,e-jeep,12,thursday,6.9,19.4
2,jeepney,11,friday,6.81,21.17
1,e-jeep,21,thursday,4.2,13.1
1,bus,19,saturday,0.74,4.47
3,bus,0,tuesday,6.87,22.75
3,jeepney,12,sunday,0.86,2.54
3,e-jeep,2,wednesday,3.89,9.13
1,e-jeep,2,tuesday,5.93,13.34
2,e-jeep,6,thursday,2.83,8.75
2,bus,6,saturday,6.01,22.28
